{
  "version": 1,
  "author": "Vignesh Sivan",
  "editor": "wokwi",
  "parts": [
    { "type": "wokwi-arduino-uno", "id": "uno", "top": 103.38, "left": 46.83, "attrs": {} },
    { "type": "wokwi-hc-sr04", "id": "ultrasonic1", "top": -51.55, "left": 319.26, "attrs": {} },
    {
      "type": "wokwi-led",
      "id": "led1",
      "top": 8.63,
      "left": -8.97,
      "attrs": { "color": "red", "flip": "" }
    }
  ],
  "connections": [
    [ "ultrasonic1:GND", "uno:A3", "black", [ "v0" ] ],
    [ "uno:GND.3", "ultrasonic1:VCC", "red", [ "v21.44", "h166" ] ],
    [ "ultrasonic1:ECHO", "led1:A", "green", [ "v21.59", "h-388.69" ] ],
    [ "ultrasonic1:TRIG", "led1:A", "green", [ "v20.71", "h-0.92", "v1.77", "h-378.11" ] ],
    [ "led1:C", "uno:GND.3", "green", [ "v267.46", "h214.41" ] ]
  ]
}